Last,Last,Availability,Languages
Howard,Lin,"AM,AT,AC,BM","JAVA,C"
Randy,Chen,"AM,AT","JAVA,PYTHON,C"
Cody,Babe,"CM,CT,FF","JAVA,PYTHON,C"
Dat,Man,FSU,C++
Jack,Broccoli ,"AM,BW,BF,BSU",JAVA
Hugh,Heffner,"FSU,BM,BT,BR","C++,C"
Dat,Ho,"BM,BR,BT,BSU","C++,JAVA"
SumTing,Wong,"BW,AM,CR,CF,BR","JAVA,C"
Brianna ,Morris,"FSU,BM,BT,BR,AM,AR,AF","C++,C"
Harold ,Winston,"AM,AT,AW,AR,ASU,BR,BSU","C,PYTHON,JAVA"
Larry,Page,ZF,PHP
Larry,King,ZF,PHP
Larry ,Bird,ZF,PHP
Ho,Lee,"AM,BW,CR",JAVA
Angela,Ziegler,"AW,BSU,AW,ZF,BF","C,C++"
Deez,Nutz,"AM,BW,CR",JAVA
Rob,Boss,"AM,BW,CR",JAVA
Lena,Oxton,"FF,BSU,FSU,AM,ZF,AW,AF,BR,BT","PHP,JAVA,C,C++"
Mike,Harris,"AM,BW,BF",PHP